product_id,product_name,category,base_price
P101,Organic Bananas,Fruits,15.99
P102,Greek Yogurt,Dairy,24.99
P103,Salmon Fillet,Seafood,45.00
P104,Whole Wheat Bread,Bakery,12.50
P105,Orange Juice,Beverages,8.99
P106,Cherry Tomatoes,Vegetables,5.99
P107,Coffee Maker,Electronics,89.99
P108,Olive Oil,Pantry,34.99
P109,Chicken Breast,Meat,19.99
P110,Pasta Sauce,Pantry,29.99
P111,Baby Carrots,Vegetables,7.99
P112,Cheddar Cheese,Dairy,16.99
P113,Vacuum Cleaner,Electronics,54.99
P114,Granola Bars,Snacks,9.99
P115,Almond Milk,Beverages,22.99
P116,Steak,Meat,39.99
P117,Spinach,Vegetables,14.99
P118,Eggs,Dairy,11.99
P119,Apples,Fruits,8.49
P120,Blender,Electronics,44.99